{"episode reward": -251.9929807410894, "_timestamp": 1656012804, "_runtime": 4057, "_step": 3247, "losses": 49.60052490234375, "steps": 1623}