{"episode reward": -63.30445564596731, "_timestamp": 1656061046, "_runtime": 1304, "_step": 1275, "losses": 144.23965454101562, "steps": 637, "_wandb": {"runtime": 1306}}