{"episode reward": -131.92112762078088, "_timestamp": 1656001028, "_runtime": 6, "_step": 1, "losses": -131.92112762078088, "steps": 0, "_wandb": {"runtime": 11}}