{"episode reward": -61.30363439893876, "_timestamp": 1656066082, "_runtime": 5005, "_step": 3083, "losses": 104.35981750488281, "steps": 1541, "_wandb": {"runtime": 5008}}