{"episode reward": -60.59756456404297, "_timestamp": 1656001396, "_runtime": 202, "_step": 617, "losses": -60.59756456404297, "steps": 308, "_wandb": {"runtime": 203}}