{"episode reward": -268.28728515693206, "_timestamp": 1656003483, "_runtime": 615, "_step": 581, "losses": -268.28728515693206, "steps": 290, "_wandb": {"runtime": 617}}