{"episode reward": -72.1343805235383, "_timestamp": 1656002804, "_runtime": 96, "_step": 69, "losses": -72.1343805235383, "steps": 34, "_wandb": {"runtime": 97}}