{"episode reward": -278.2139769261664, "_timestamp": 1656004378, "_runtime": 833, "_step": 791, "losses": -278.2139769261664, "steps": 395}