{"episode reward": -266.87108913059194, "_timestamp": 1656008720, "_runtime": 2303, "_step": 2197, "losses": -266.87108913059194, "steps": 1098, "_wandb": {"runtime": 2304}}